{"cameraMode":{"drawMode":0,"name":"Shaded","section":"Shading Mode"},"sceneLighting":true,"audioPlay":false,"sceneViewState":{"showFog":true,"showMaterialUpdate":false,"showSkybox":true,"showFlares":true,"showImageEffects":true,"showParticleSystems":true},"in2DMode":false,"pivot":{"x":-5.112303733825684,"y":2.6045379638671877,"z":-2.1538352966308595},"rotation":{"x":0.016468074172735215,"y":0.06145280972123146,"z":-0.001014065113849938,"w":0.997973620891571},"size":4.951603412628174,"orthographic":false}